transaction_id,client_id,client_name,portfolio_id,ticker,transaction_type,quantity,price,currency,fee_amount,transaction_date,transaction_ts,total
T20260901T09000000001,C010,Client J,P009,GOOGL,BUY,325,66.26,USD,588.55,2026-09-01,2026-09-01T09:00:00+00:00,22123.05
T20260901T09000000002,C004,Client D,P004,SAP,SELL,90,179.84,USD,182.25,2026-09-01,2026-09-01T09:00:00+00:00,-16003.35
T20260901T09000000003,C019,Client S,P007,IBM,BUY,97,314.9,USD,295.03,2026-09-01,2026-09-01T09:00:00+00:00,30840.33
T20260901T09000000004,C016,Client P,P008,MSFT,BUY,109,330.78,USD,102.09,2026-09-01,2026-09-01T09:00:00+00:00,36157.11
T20260901T09000000005,C006,Client F,P010,XAU,SELL,277,231.11,USD,629.48,2026-09-01,2026-09-01T09:00:00+00:00,-63387.99
T20260901T09000000006,C013,Client M,P001,VOD,BUY,259,218.73,USD,86.0,2026-09-01,2026-09-01T09:00:00+00:00,56737.07
T20260901T09000000007,C005,Client E,P001,XAG,BUY,210,363.29,USD,235.16,2026-09-01,2026-09-01T09:00:00+00:00,76526.06
T20260901T09000000008,C016,Client P,P010,IBM,BUY,112,158.76,USD,225.77,2026-09-01,2026-09-01T09:00:00+00:00,18006.89
T20260901T09000000009,C005,Client E,P004,IBM,BUY,202,171.02,USD,301.93,2026-09-01,2026-09-01T09:00:00+00:00,34847.97
T20260901T09000000010,C020,Client T,P001,XAU,BUY,11,132.08,USD,121.99,2026-09-01,2026-09-01T09:00:00+00:00,1574.87
T20260901T09000000011,C011,Client K,P005,XAG,BUY,274,366.74,USD,541.25,2026-09-01,2026-09-01T09:00:00+00:00,101028.01
T20260901T09000000012,C008,Client H,P008,MSFT,SELL,248,119.53,USD,85.73,2026-09-01,2026-09-01T09:00:00+00:00,-29557.71
T20260901T09000000013,C014,Client N,P006,XPT,BUY,269,320.37,USD,17.63,2026-09-01,2026-09-01T09:00:00+00:00,86197.16
T20260901T09000000014,C018,Client R,P004,XAG,SELL,139,204.37,USD,143.85,2026-09-01,2026-09-01T09:00:00+00:00,-28263.58
T20260901T09000000015,C005,Client E,P008,IBM,SELL,440,487.61,USD,348.33,2026-09-01,2026-09-01T09:00:00+00:00,-214200.07
T20260901T09000000016,C006,Client F,P001,MSFT,SELL,26,355.09,USD,505.55,2026-09-01,2026-09-01T09:00:00+00:00,-8726.79
T20260901T09000000017,C020,Client T,P002,IBM,SELL,327,183.97,USD,108.62,2026-09-01,2026-09-01T09:00:00+00:00,-60049.57
T20260901T09000000018,C001,Client A,P002,MSFT,BUY,339,195.51,USD,424.36,2026-09-01,2026-09-01T09:00:00+00:00,66702.25
T20260901T09000000019,C008,Client H,P010,SAP,BUY,17,234.23,USD,246.49,2026-09-01,2026-09-01T09:00:00+00:00,4228.4
T20260901T09000000020,C020,Client T,P005,XPT,BUY,312,190.14,USD,184.34,2026-09-01,2026-09-01T09:00:00+00:00,59508.02
T20260901T09000000021,C020,Client T,P010,XAU,BUY,211,149.77,USD,288.59,2026-09-01,2026-09-01T09:00:00+00:00,31890.06
T20260901T09000000022,C009,Client I,P002,XPT,BUY,33,243.59,USD,487.47,2026-09-01,2026-09-01T09:00:00+00:00,8525.94
T20260901T09000000023,C004,Client D,P009,VOD,SELL,285,80.21,USD,90.21,2026-09-01,2026-09-01T09:00:00+00:00,-22769.64
T20260901T09000000024,C015,Client O,P010,XPT,BUY,469,370.71,USD,201.46,2026-09-01,2026-09-01T09:00:00+00:00,174064.45
T20260901T09000000025,C004,Client D,P005,SAP,BUY,404,358.18,USD,39.54,2026-09-01,2026-09-01T09:00:00+00:00,144744.26
T20260901T09000000026,C008,Client H,P003,GOOGL,BUY,177,304.71,USD,94.26,2026-09-01,2026-09-01T09:00:00+00:00,54027.93
T20260901T09000000027,C020,Client T,P001,XPT,BUY,238,446.74,USD,489.33,2026-09-01,2026-09-01T09:00:00+00:00,106813.45
T20260901T09000000028,C005,Client E,P005,IBM,SELL,9,437.56,USD,301.46,2026-09-01,2026-09-01T09:00:00+00:00,-3636.58
T20260901T09000000029,C011,Client K,P004,XAU,BUY,87,405.87,USD,205.59,2026-09-01,2026-09-01T09:00:00+00:00,35516.28
T20260901T09000000030,C015,Client O,P008,VOD,BUY,12,253.92,USD,629.35,2026-09-01,2026-09-01T09:00:00+00:00,3676.39
T20260901T09000000031,C019,Client S,P005,MSFT,BUY,287,287.95,USD,247.06,2026-09-01,2026-09-01T09:00:00+00:00,82888.71
T20260901T09000000032,C019,Client S,P003,XPT,BUY,275,447.57,USD,196.07,2026-09-01,2026-09-01T09:00:00+00:00,123277.82
T20260901T09000000033,C014,Client N,P008,MSFT,BUY,23,449.16,USD,111.78,2026-09-01,2026-09-01T09:00:00+00:00,10442.46
T20260901T09000000034,C017,Client Q,P007,IBM,SELL,464,451.72,USD,42.07,2026-09-01,2026-09-01T09:00:00+00:00,-209556.01
T20260901T09000000035,C014,Client N,P010,GOOGL,SELL,274,159.09,USD,363.1,2026-09-01,2026-09-01T09:00:00+00:00,-43227.56
T20260901T09000000036,C006,Client F,P007,XPT,SELL,431,222.58,USD,470.17,2026-09-01,2026-09-01T09:00:00+00:00,-95461.81
T20260901T09000000037,C013,Client M,P010,XAU,SELL,449,228.17,USD,455.18,2026-09-01,2026-09-01T09:00:00+00:00,-101993.15
T20260901T09000000038,C017,Client Q,P003,XAU,SELL,363,420.82,USD,614.9,2026-09-01,2026-09-01T09:00:00+00:00,-152142.76
T20260901T09000000039,C013,Client M,P002,XAG,BUY,255,107.13,USD,63.02,2026-09-01,2026-09-01T09:00:00+00:00,27381.17
T20260901T09000000040,C016,Client P,P008,XPT,SELL,463,260.53,USD,41.38,2026-09-01,2026-09-01T09:00:00+00:00,-120584.01
T20260901T09000000041,C004,Client D,P004,XAG,BUY,254,210.11,USD,244.75,2026-09-01,2026-09-01T09:00:00+00:00,53612.69
T20260901T09000000042,C012,Client L,P003,MSFT,BUY,308,350.42,USD,126.55,2026-09-01,2026-09-01T09:00:00+00:00,108055.91
T20260901T09000000043,C008,Client H,P010,XPT,BUY,151,178.97,USD,240.41,2026-09-01,2026-09-01T09:00:00+00:00,27264.88
T20260901T09000000044,C010,Client J,P006,IBM,BUY,390,129.0,USD,75.33,2026-09-01,2026-09-01T09:00:00+00:00,50385.33
T20260901T09000000045,C015,Client O,P001,IBM,BUY,75,253.22,USD,610.69,2026-09-01,2026-09-01T09:00:00+00:00,19602.19
T20260901T09000000046,C010,Client J,P004,SAP,BUY,466,272.3,USD,426.15,2026-09-01,2026-09-01T09:00:00+00:00,127317.95
T20260901T09000000047,C002,Client B,P008,XAG,BUY,193,138.64,USD,298.21,2026-09-01,2026-09-01T09:00:00+00:00,27055.73
T20260901T09000000048,C010,Client J,P001,XPT,BUY,26,195.67,USD,384.17,2026-09-01,2026-09-01T09:00:00+00:00,5471.59
T20260901T09000000049,C006,Client F,P007,SAP,BUY,176,256.07,USD,421.83,2026-09-01,2026-09-01T09:00:00+00:00,45490.15
T20260901T09000000050,C017,Client Q,P010,MSFT,BUY,110,485.04,USD,306.02,2026-09-01,2026-09-01T09:00:00+00:00,53660.42
T20260901T09000000051,C013,Client M,P008,GOOGL,BUY,401,344.23,USD,448.24,2026-09-01,2026-09-01T09:00:00+00:00,138484.47
T20260901T09000000052,C006,Client F,P001,VOD,BUY,394,213.28,USD,168.54,2026-09-01,2026-09-01T09:00:00+00:00,84200.86
T20260901T09000000053,C015,Client O,P009,IBM,SELL,245,461.08,USD,189.92,2026-09-01,2026-09-01T09:00:00+00:00,-112774.68
T20260901T09000000054,C006,Client F,P007,IBM,BUY,473,472.14,USD,263.98,2026-09-01,2026-09-01T09:00:00+00:00,223586.2
T20260901T09000000055,C017,Client Q,P010,XAG,SELL,356,83.2,USD,249.0,2026-09-01,2026-09-01T09:00:00+00:00,-29370.2
T20260901T09000000056,C004,Client D,P004,XAU,SELL,165,199.17,USD,87.02,2026-09-01,2026-09-01T09:00:00+00:00,-32776.03
T20260901T09000000057,C015,Client O,P010,XAU,SELL,343,130.56,USD,525.24,2026-09-01,2026-09-01T09:00:00+00:00,-44256.84
T20260901T09000000058,C006,Client F,P007,VOD,SELL,89,93.5,USD,414.48,2026-09-01,2026-09-01T09:00:00+00:00,-7907.02
T20260901T09000000059,C004,Client D,P008,MSFT,SELL,39,121.93,USD,142.55,2026-09-01,2026-09-01T09:00:00+00:00,-4612.72
T20260901T09000000060,C007,Client G,P003,GOOGL,BUY,210,331.46,USD,14.28,2026-09-01,2026-09-01T09:00:00+00:00,69620.88
T20260901T09000000061,C002,Client B,P006,MSFT,SELL,370,356.84,USD,24.59,2026-09-01,2026-09-01T09:00:00+00:00,-132006.21
T20260901T09000000062,C004,Client D,P003,MSFT,SELL,355,448.26,USD,229.89,2026-09-01,2026-09-01T09:00:00+00:00,-158902.41
T20260901T09000000063,C007,Client G,P006,SAP,SELL,82,375.82,USD,255.01,2026-09-01,2026-09-01T09:00:00+00:00,-30562.23
T20260901T09000000064,C002,Client B,P009,XPT,BUY,426,68.31,USD,574.73,2026-09-01,2026-09-01T09:00:00+00:00,29674.79
T20260901T09000000065,C006,Client F,P007,XPT,SELL,165,332.69,USD,325.34,2026-09-01,2026-09-01T09:00:00+00:00,-54568.51
T20260901T09000000066,C002,Client B,P002,XAG,BUY,410,132.35,USD,136.83,2026-09-01,2026-09-01T09:00:00+00:00,54400.33
T20260901T09000000067,C019,Client S,P001,MSFT,SELL,41,368.82,USD,79.77,2026-09-01,2026-09-01T09:00:00+00:00,-15041.85
T20260901T09000000068,C001,Client A,P002,XAG,BUY,60,84.03,USD,529.15,2026-09-01,2026-09-01T09:00:00+00:00,5570.95
T20260901T09000000069,C017,Client Q,P008,IBM,BUY,353,420.67,USD,331.33,2026-09-01,2026-09-01T09:00:00+00:00,148827.84
T20260901T09000000070,C011,Client K,P010,VOD,SELL,67,466.24,USD,311.28,2026-09-01,2026-09-01T09:00:00+00:00,-30926.8
T20260901T09000000071,C007,Client G,P008,IBM,SELL,427,380.29,USD,269.96,2026-09-01,2026-09-01T09:00:00+00:00,-162113.87
T20260901T09000000072,C019,Client S,P006,SAP,BUY,440,470.9,USD,432.24,2026-09-01,2026-09-01T09:00:00+00:00,207628.24
T20260901T09000000073,C008,Client H,P005,SAP,SELL,180,146.1,USD,590.05,2026-09-01,2026-09-01T09:00:00+00:00,-25707.95
T20260901T09000000074,C007,Client G,P009,MSFT,BUY,252,209.89,USD,472.01,2026-09-01,2026-09-01T09:00:00+00:00,53364.29
T20260901T09000000075,C011,Client K,P001,MSFT,BUY,475,220.5,USD,544.12,2026-09-01,2026-09-01T09:00:00+00:00,105281.62
T20260901T09000000076,C001,Client A,P001,IBM,BUY,274,451.51,USD,234.29,2026-09-01,2026-09-01T09:00:00+00:00,123948.03
T20260901T09000000077,C018,Client R,P009,XAG,BUY,66,267.28,USD,15.03,2026-09-01,2026-09-01T09:00:00+00:00,17655.51
T20260901T09000000078,C017,Client Q,P007,GOOGL,BUY,390,67.99,USD,348.46,2026-09-01,2026-09-01T09:00:00+00:00,26864.56
T20260901T09000000079,C020,Client T,P006,XPT,BUY,146,444.33,USD,88.88,2026-09-01,2026-09-01T09:00:00+00:00,64961.06
T20260901T09000000080,C018,Client R,P010,SAP,SELL,452,429.27,USD,481.76,2026-09-01,2026-09-01T09:00:00+00:00,-193548.28
T20260901T09000000081,C014,Client N,P003,GOOGL,BUY,152,397.91,USD,613.23,2026-09-01,2026-09-01T09:00:00+00:00,61095.55
T20260901T09000000082,C010,Client J,P002,XAU,BUY,262,404.0,USD,72.82,2026-09-01,2026-09-01T09:00:00+00:00,105920.82
T20260901T09000000083,C011,Client K,P002,XPT,BUY,157,144.13,USD,525.18,2026-09-01,2026-09-01T09:00:00+00:00,23153.59
T20260901T09000000084,C002,Client B,P010,IBM,SELL,158,155.41,USD,211.52,2026-09-01,2026-09-01T09:00:00+00:00,-24343.26
T20260901T09000000085,C003,Client C,P001,MSFT,BUY,409,103.81,USD,254.24,2026-09-01,2026-09-01T09:00:00+00:00,42712.53
T20260901T09000000086,C014,Client N,P001,XAG,SELL,234,136.83,USD,256.29,2026-09-01,2026-09-01T09:00:00+00:00,-31761.93
T20260901T09000000087,C010,Client J,P002,VOD,SELL,68,471.95,USD,249.24,2026-09-01,2026-09-01T09:00:00+00:00,-31843.36
T20260901T09000000088,C016,Client P,P009,VOD,BUY,33,149.51,USD,301.05,2026-09-01,2026-09-01T09:00:00+00:00,5234.88
T20260901T09000000089,C012,Client L,P009,XPT,SELL,315,206.68,USD,127.33,2026-09-01,2026-09-01T09:00:00+00:00,-64976.87
T20260901T09000000090,C016,Client P,P005,IBM,SELL,87,290.79,USD,402.19,2026-09-01,2026-09-01T09:00:00+00:00,-24896.54
T20260901T09000000091,C011,Client K,P005,IBM,BUY,439,196.05,USD,260.51,2026-09-01,2026-09-01T09:00:00+00:00,86326.46
T20260901T09000000092,C012,Client L,P005,GOOGL,SELL,221,406.64,USD,346.65,2026-09-01,2026-09-01T09:00:00+00:00,-89520.79
T20260901T09000000093,C006,Client F,P001,MSFT,SELL,287,183.88,USD,509.74,2026-09-01,2026-09-01T09:00:00+00:00,-52263.82
T20260901T09000000094,C009,Client I,P008,XAU,SELL,336,378.37,USD,103.1,2026-09-01,2026-09-01T09:00:00+00:00,-127029.22
T20260901T09000000095,C016,Client P,P007,GOOGL,BUY,482,149.15,USD,574.41,2026-09-01,2026-09-01T09:00:00+00:00,72464.71
T20260901T09000000096,C004,Client D,P001,XPT,SELL,191,465.48,USD,45.3,2026-09-01,2026-09-01T09:00:00+00:00,-88861.38
T20260901T09000000097,C005,Client E,P001,VOD,BUY,305,274.21,USD,330.92,2026-09-01,2026-09-01T09:00:00+00:00,83964.97
T20260901T09000000098,C005,Client E,P003,XPT,SELL,387,299.31,USD,134.26,2026-09-01,2026-09-01T09:00:00+00:00,-115698.71
T20260901T09000000099,C001,Client A,P008,XAU,SELL,376,102.0,USD,427.27,2026-09-01,2026-09-01T09:00:00+00:00,-37924.73
T20260901T09000000100,C020,Client T,P005,SAP,BUY,97,74.98,USD,411.41,2026-09-01,2026-09-01T09:00:00+00:00,7684.47
T20260901T09000000101,C015,Client O,P003,XAU,BUY,481,154.75,USD,238.37,2026-09-01,2026-09-01T09:00:00+00:00,74673.12
T20260901T09000000102,C019,Client S,P005,MSFT,SELL,72,472.09,USD,176.31,2026-09-01,2026-09-01T09:00:00+00:00,-33814.17
T20260901T09000000103,C007,Client G,P004,VOD,SELL,468,339.62,USD,578.22,2026-09-01,2026-09-01T09:00:00+00:00,-158363.94
T20260901T09000000104,C011,Client K,P004,SAP,SELL,39,486.66,USD,434.4,2026-09-01,2026-09-01T09:00:00+00:00,-18545.34
T20260901T09000000105,C012,Client L,P009,XPT,SELL,94,109.08,USD,309.73,2026-09-01,2026-09-01T09:00:00+00:00,-9943.79
T20260901T09000000106,C012,Client L,P006,SAP,SELL,38,236.0,USD,583.93,2026-09-01,2026-09-01T09:00:00+00:00,-8384.07
T20260901T09000000107,C008,Client H,P008,SAP,BUY,440,114.99,USD,394.91,2026-09-01,2026-09-01T09:00:00+00:00,50990.51
T20260901T09000000108,C018,Client R,P005,SAP,BUY,139,262.27,USD,567.39,2026-09-01,2026-09-01T09:00:00+00:00,37022.92
T20260901T09000000109,C014,Client N,P003,MSFT,BUY,153,94.3,USD,381.83,2026-09-01,2026-09-01T09:00:00+00:00,14809.73
T20260901T09000000110,C018,Client R,P002,XPT,SELL,431,487.86,USD,381.88,2026-09-01,2026-09-01T09:00:00+00:00,-209885.78
T20260901T09000000111,C020,Client T,P006,IBM,BUY,398,165.19,USD,422.68,2026-09-01,2026-09-01T09:00:00+00:00,66168.3
T20260901T09000000112,C004,Client D,P009,MSFT,SELL,428,318.04,USD,276.31,2026-09-01,2026-09-01T09:00:00+00:00,-135844.81
T20260901T09000000113,C015,Client O,P005,MSFT,BUY,216,398.15,USD,273.45,2026-09-01,2026-09-01T09:00:00+00:00,86273.85
T20260901T09000000114,C001,Client A,P006,IBM,BUY,387,127.53,USD,388.24,2026-09-01,2026-09-01T09:00:00+00:00,49742.35
T20260901T09000000115,C015,Client O,P006,XAU,BUY,62,82.68,USD,621.61,2026-09-01,2026-09-01T09:00:00+00:00,5747.77
T20260901T09000000116,C005,Client E,P003,IBM,SELL,275,195.28,USD,222.13,2026-09-01,2026-09-01T09:00:00+00:00,-53479.87
T20260901T09000000117,C005,Client E,P008,IBM,BUY,118,374.77,USD,537.23,2026-09-01,2026-09-01T09:00:00+00:00,44760.09
T20260901T09000000118,C013,Client M,P004,GOOGL,SELL,56,380.15,USD,578.63,2026-09-01,2026-09-01T09:00:00+00:00,-20709.77
T20260901T09000000119,C007,Client G,P008,MSFT,BUY,94,342.9,USD,326.14,2026-09-01,2026-09-01T09:00:00+00:00,32558.74
T20260901T09000000120,C015,Client O,P005,GOOGL,SELL,165,395.53,USD,579.62,2026-09-01,2026-09-01T09:00:00+00:00,-64682.83
T20260901T09000000121,C020,Client T,P010,IBM,SELL,283,234.19,USD,301.24,2026-09-01,2026-09-01T09:00:00+00:00,-65974.53
T20260901T09000000122,C008,Client H,P006,SAP,SELL,460,94.28,USD,130.85,2026-09-01,2026-09-01T09:00:00+00:00,-43237.95
T20260901T09000000123,C013,Client M,P002,IBM,BUY,53,250.06,USD,32.04,2026-09-01,2026-09-01T09:00:00+00:00,13285.22
T20260901T09000000124,C010,Client J,P010,XAU,BUY,364,472.15,USD,309.3,2026-09-01,2026-09-01T09:00:00+00:00,172171.9
T20260901T09000000125,C019,Client S,P002,XAU,BUY,367,147.56,USD,609.88,2026-09-01,2026-09-01T09:00:00+00:00,54764.4
T20260901T09000000126,C014,Client N,P008,XAU,BUY,174,362.06,USD,263.61,2026-09-01,2026-09-01T09:00:00+00:00,63262.05
T20260901T09000000127,C004,Client D,P001,VOD,SELL,131,198.3,USD,30.7,2026-09-01,2026-09-01T09:00:00+00:00,-25946.6
T20260901T09000000128,C011,Client K,P010,SAP,SELL,54,288.99,USD,515.96,2026-09-01,2026-09-01T09:00:00+00:00,-15089.5
T20260901T09000000129,C004,Client D,P006,SAP,SELL,482,156.56,USD,116.87,2026-09-01,2026-09-01T09:00:00+00:00,-75345.05
T20260901T09000000130,C008,Client H,P009,GOOGL,BUY,237,329.32,USD,258.62,2026-09-01,2026-09-01T09:00:00+00:00,78307.46
T20260901T09000000131,C010,Client J,P006,XAG,BUY,254,104.85,USD,502.71,2026-09-01,2026-09-01T09:00:00+00:00,27134.61
T20260901T09000000132,C020,Client T,P006,IBM,BUY,33,275.71,USD,351.92,2026-09-01,2026-09-01T09:00:00+00:00,9450.35
T20260901T09000000133,C020,Client T,P007,SAP,SELL,335,458.25,USD,95.95,2026-09-01,2026-09-01T09:00:00+00:00,-153417.8
T20260901T09000000134,C006,Client F,P003,SAP,BUY,200,431.39,USD,182.35,2026-09-01,2026-09-01T09:00:00+00:00,86460.35
T20260901T09000000135,C018,Client R,P006,MSFT,SELL,419,286.07,USD,331.22,2026-09-01,2026-09-01T09:00:00+00:00,-119532.11
T20260901T09000000136,C004,Client D,P005,VOD,SELL,123,267.67,USD,458.96,2026-09-01,2026-09-01T09:00:00+00:00,-32464.45
T20260901T09000000137,C007,Client G,P005,GOOGL,SELL,345,190.93,USD,263.69,2026-09-01,2026-09-01T09:00:00+00:00,-65607.16
T20260901T09000000138,C002,Client B,P002,GOOGL,SELL,338,413.55,USD,487.16,2026-09-01,2026-09-01T09:00:00+00:00,-139292.74
T20260901T09000000139,C004,Client D,P002,IBM,SELL,185,470.33,USD,608.83,2026-09-01,2026-09-01T09:00:00+00:00,-86402.22
T20260901T09000000140,C004,Client D,P001,SAP,SELL,326,423.13,USD,44.84,2026-09-01,2026-09-01T09:00:00+00:00,-137895.54
T20260901T09000000141,C004,Client D,P007,XAU,SELL,352,304.0,USD,230.03,2026-09-01,2026-09-01T09:00:00+00:00,-106777.97
T20260901T09000000142,C009,Client I,P004,XAU,BUY,9,424.34,USD,451.3,2026-09-01,2026-09-01T09:00:00+00:00,4270.36
T20260901T09000000143,C004,Client D,P003,IBM,BUY,35,66.12,USD,259.19,2026-09-01,2026-09-01T09:00:00+00:00,2573.39
T20260901T09000000144,C005,Client E,P008,GOOGL,BUY,92,266.83,USD,110.51,2026-09-01,2026-09-01T09:00:00+00:00,24658.87
T20260901T09000000145,C014,Client N,P005,MSFT,BUY,298,70.61,USD,481.71,2026-09-01,2026-09-01T09:00:00+00:00,21523.49
T20260901T09000000146,C017,Client Q,P006,IBM,BUY,155,140.69,USD,395.19,2026-09-01,2026-09-01T09:00:00+00:00,22202.14
T20260901T09000000147,C007,Client G,P007,XAU,SELL,300,415.21,USD,370.46,2026-09-01,2026-09-01T09:00:00+00:00,-124192.54
T20260901T09000000148,C014,Client N,P009,IBM,BUY,182,260.38,USD,169.77,2026-09-01,2026-09-01T09:00:00+00:00,47558.93
T20260901T09000000149,C020,Client T,P004,SAP,BUY,253,163.3,USD,326.67,2026-09-01,2026-09-01T09:00:00+00:00,41641.57
T20260901T09000000150,C005,Client E,P001,IBM,BUY,484,407.88,USD,438.44,2026-09-01,2026-09-01T09:00:00+00:00,197852.36
T20260901T09000000151,C015,Client O,P003,VOD,SELL,83,180.74,USD,66.45,2026-09-01,2026-09-01T09:00:00+00:00,-14934.97
T20260901T09000000152,C007,Client G,P001,GOOGL,SELL,389,428.8,USD,597.29,2026-09-01,2026-09-01T09:00:00+00:00,-166205.91
T20260901T09000000153,C001,Client A,P003,MSFT,BUY,122,303.87,USD,14.54,2026-09-01,2026-09-01T09:00:00+00:00,37086.68
T20260901T09000000154,C012,Client L,P004,SAP,SELL,55,127.3,USD,294.08,2026-09-01,2026-09-01T09:00:00+00:00,-6707.42
T20260901T09000000155,C006,Client F,P002,SAP,BUY,386,202.17,USD,377.37,2026-09-01,2026-09-01T09:00:00+00:00,78414.99
T20260901T09000000156,C019,Client S,P004,XAU,SELL,133,484.89,USD,107.13,2026-09-01,2026-09-01T09:00:00+00:00,-64383.24
T20260901T09000000157,C006,Client F,P008,XAG,BUY,393,82.2,USD,426.0,2026-09-01,2026-09-01T09:00:00+00:00,32730.6
T20260901T09000000158,C003,Client C,P002,XAU,BUY,345,420.7,USD,545.39,2026-09-01,2026-09-01T09:00:00+00:00,145686.89
T20260901T09000000159,C014,Client N,P001,MSFT,SELL,327,300.26,USD,388.96,2026-09-01,2026-09-01T09:00:00+00:00,-97796.06
T20260901T09000000160,C002,Client B,P006,XAG,SELL,82,229.69,USD,251.1,2026-09-01,2026-09-01T09:00:00+00:00,-18583.48
T20260901T09000000161,C013,Client M,P006,MSFT,BUY,384,409.06,USD,355.89,2026-09-01,2026-09-01T09:00:00+00:00,157434.93
T20260901T09000000162,C013,Client M,P009,IBM,BUY,161,490.95,USD,29.85,2026-09-01,2026-09-01T09:00:00+00:00,79072.8
T20260901T09000000163,C013,Client M,P002,SAP,SELL,478,184.45,USD,324.53,2026-09-01,2026-09-01T09:00:00+00:00,-87842.57
T20260901T09000000164,C002,Client B,P009,XAG,BUY,102,458.14,USD,490.2,2026-09-01,2026-09-01T09:00:00+00:00,47220.48
T20260901T09000000165,C003,Client C,P008,GOOGL,BUY,308,149.37,USD,149.77,2026-09-01,2026-09-01T09:00:00+00:00,46155.73
T20260901T09000000166,C010,Client J,P008,XAU,BUY,13,132.65,USD,466.78,2026-09-01,2026-09-01T09:00:00+00:00,2191.23
T20260901T09000000167,C014,Client N,P006,MSFT,BUY,111,104.94,USD,350.2,2026-09-01,2026-09-01T09:00:00+00:00,11998.54
T20260901T09000000168,C010,Client J,P006,XAG,SELL,468,122.37,USD,536.44,2026-09-01,2026-09-01T09:00:00+00:00,-56732.72
T20260901T09000000169,C002,Client B,P010,GOOGL,SELL,56,274.12,USD,25.74,2026-09-01,2026-09-01T09:00:00+00:00,-15324.98
T20260901T09000000170,C016,Client P,P005,GOOGL,SELL,79,90.96,USD,108.67,2026-09-01,2026-09-01T09:00:00+00:00,-7077.17
T20260901T09000000171,C012,Client L,P004,XAU,SELL,393,473.52,USD,320.85,2026-09-01,2026-09-01T09:00:00+00:00,-185772.51
T20260901T09000000172,C007,Client G,P009,XAU,BUY,283,488.0,USD,298.79,2026-09-01,2026-09-01T09:00:00+00:00,138402.79
T20260901T09000000173,C020,Client T,P004,XPT,SELL,234,424.65,USD,491.1,2026-09-01,2026-09-01T09:00:00+00:00,-98877.0
T20260901T09000000174,C001,Client A,P002,XPT,BUY,130,372.27,USD,80.36,2026-09-01,2026-09-01T09:00:00+00:00,48475.46
T20260901T09000000175,C008,Client H,P001,MSFT,BUY,170,284.06,USD,94.56,2026-09-01,2026-09-01T09:00:00+00:00,48384.76
T20260901T09000000176,C017,Client Q,P010,GOOGL,SELL,426,327.77,USD,17.27,2026-09-01,2026-09-01T09:00:00+00:00,-139612.75
T20260901T09000000177,C010,Client J,P003,SAP,BUY,59,282.23,USD,241.23,2026-09-01,2026-09-01T09:00:00+00:00,16892.8
T20260901T09000000178,C008,Client H,P002,GOOGL,SELL,300,455.94,USD,564.77,2026-09-01,2026-09-01T09:00:00+00:00,-136217.23
T20260901T09000000179,C012,Client L,P008,XPT,SELL,84,131.18,USD,344.84,2026-09-01,2026-09-01T09:00:00+00:00,-10674.28
T20260901T09000000180,C015,Client O,P010,MSFT,BUY,307,186.45,USD,359.09,2026-09-01,2026-09-01T09:00:00+00:00,57599.24
T20260901T09000000181,C002,Client B,P002,VOD,BUY,280,337.69,USD,590.64,2026-09-01,2026-09-01T09:00:00+00:00,95143.84
T20260901T09000000182,C002,Client B,P003,XAG,SELL,273,405.8,USD,497.74,2026-09-01,2026-09-01T09:00:00+00:00,-110285.66
T20260901T09000000183,C005,Client E,P010,MSFT,SELL,262,238.65,USD,484.59,2026-09-01,2026-09-01T09:00:00+00:00,-62041.71
T20260901T09000000184,C004,Client D,P006,XAU,SELL,131,407.06,USD,345.04,2026-09-01,2026-09-01T09:00:00+00:00,-52979.82
T20260901T09000000185,C019,Client S,P003,XAG,SELL,434,257.39,USD,175.93,2026-09-01,2026-09-01T09:00:00+00:00,-111531.33
T20260901T09000000186,C007,Client G,P002,GOOGL,SELL,74,380.1,USD,488.02,2026-09-01,2026-09-01T09:00:00+00:00,-27639.38
T20260901T09000000187,C005,Client E,P002,MSFT,BUY,348,144.66,USD,486.69,2026-09-01,2026-09-01T09:00:00+00:00,50828.37
T20260901T09000000188,C007,Client G,P004,MSFT,SELL,242,292.19,USD,182.8,2026-09-01,2026-09-01T09:00:00+00:00,-70527.18
T20260901T09000000189,C017,Client Q,P009,XAU,BUY,186,258.34,USD,27.28,2026-09-01,2026-09-01T09:00:00+00:00,48078.52
T20260901T09000000190,C014,Client N,P006,XPT,SELL,27,233.88,USD,208.83,2026-09-01,2026-09-01T09:00:00+00:00,-6105.93
T20260901T09000000191,C012,Client L,P006,SAP,BUY,176,81.36,USD,485.69,2026-09-01,2026-09-01T09:00:00+00:00,14805.05
T20260901T09000000192,C018,Client R,P007,IBM,SELL,431,124.67,USD,555.01,2026-09-01,2026-09-01T09:00:00+00:00,-53177.76
T20260901T09000000193,C007,Client G,P009,XAU,BUY,335,162.76,USD,228.64,2026-09-01,2026-09-01T09:00:00+00:00,54753.24
T20260901T09000000194,C004,Client D,P004,XAU,SELL,122,184.87,USD,592.08,2026-09-01,2026-09-01T09:00:00+00:00,-21962.06
T20260901T09000000195,C011,Client K,P003,GOOGL,BUY,80,409.45,USD,533.55,2026-09-01,2026-09-01T09:00:00+00:00,33289.55
T20260901T09000000196,C001,Client A,P007,XAG,BUY,339,101.86,USD,66.78,2026-09-01,2026-09-01T09:00:00+00:00,34597.32
T20260901T09000000197,C020,Client T,P010,VOD,BUY,66,127.05,USD,511.47,2026-09-01,2026-09-01T09:00:00+00:00,8896.77
T20260901T09000000198,C005,Client E,P004,XAG,SELL,167,356.71,USD,542.2,2026-09-01,2026-09-01T09:00:00+00:00,-59028.37
T20260901T09000000199,C019,Client S,P002,IBM,SELL,311,91.63,USD,434.94,2026-09-01,2026-09-01T09:00:00+00:00,-28061.99
T20260901T09000000200,C002,Client B,P009,MSFT,BUY,147,487.09,USD,234.79,2026-09-01,2026-09-01T09:00:00+00:00,71837.02
